,open,high,low,close,volume
2018-01-01,100.72880615645252,102.00629118568897,100.6319904321377,101.31914080891333,1098159.803177075
2018-01-02,102.77153323922649,103.52850697363748,102.34064657198553,102.93457677281151,1131454.816293742
2018-01-03,103.19752698894109,104.27743506950736,102.69602825951719,103.48673166451228,1379421.6713994825
2018-01-04,103.57763480022682,104.04651907544961,102.64823169506829,103.34737538525896,1365837.6121638224
2018-01-05,101.61786792866803,102.28662888642212,100.76378365915265,101.52520627278739,1036657.584079119
2018-01-06,100.74349614504047,101.80962912320494,99.95475026531805,100.8821896942615,1062097.897710946
2018-01-07,101.9305531540806,102.00773161959852,100.03773746482695,101.02273454221273,822901.2086406337
2018-01-08,103.36777748453147,103.6434342105769,101.01733041903465,102.33038231480577,836811.1298045329
2018-01-09,102.5014799154386,102.64309626070865,100.4383283123373,101.54071228652298,941973.6336937546
2018-01-10,103.22337877850805,103.40117399608968,99.3843674353573,101.39277071572349,731028.5681528823
2018-01-11,100.87572183933857,101.44626885381375,99.29608637278254,100.37117761329814,1077968.0912639764
2018-01-12,98.64053268424759,100.19117727002248,98.0779529125986,99.13456509131055,1033829.4788757839
2018-01-13,100.17760020744853,100.78104307219515,99.14376883053212,99.96240595136364,1200910.9412505964
2018-01-14,98.65440976355082,102.20741631659716,98.47342117136856,100.34041874398285,837485.2850815313
2018-01-15,99.11995528068188,101.1312005550208,98.84499542354277,99.98809798928178,1182503.4814910511
2018-01-16,99.2074689343753,100.26341351482827,98.66568034784302,99.46454693133565,672787.7411298514
2018-01-17,98.78610223719052,99.57009548474838,98.31016994208424,98.94013271341632,868226.7784870758
2018-01-18,98.01755341751212,99.13030872797061,97.43306598884026,98.28168735840543,1037217.8436821788
2018-01-19,98.99688407526749,101.38225724078782,97.5999408672664,99.4910990540271,985456.2168284843
2018-01-20,101.63541226832932,101.86608227317765,98.78794730081589,100.32701478699677,1430898.7001367442
2018-01-21,100.54115494363211,102.3975060887774,99.47861709679609,100.93806159278675,1149912.6694345137
2018-01-22,99.76034968750297,101.32703617758705,98.59698028270832,99.96200823014767,703658.7864644768
2018-01-23,96.3007881272352,97.73888958579792,95.35292010561065,96.54590484570429,1051782.7654631722
2018-01-24,94.80254111422948,96.94297579628783,94.34428955382556,95.6436326750567,1016806.6485273815
2018-01-25,98.08028530793638,99.64507022281391,97.35070118812423,98.49788570546907,1055282.2219140183
2018-01-26,99.28813962223323,100.57855263726222,98.90176149676951,99.74015706701586,996203.2010964457
2018-01-27,98.32664835038942,100.99241495138341,97.5361804727394,99.2642977120614,956170.6270952307
2018-01-28,97.41927914606374,98.6585417560994,96.4157891338352,97.5371654449673,1496750.070368769
2018-01-29,98.07834213243525,98.33793972924393,97.09438786935205,97.71616379929799,877775.3884005649
2018-01-30,102.01259956412258,102.91804565751015,100.18109185802402,101.54956875776708,945142.0850722432
2018-01-31,101.20685110259333,102.48421895761626,99.88172755774457,101.18297325768042,1184175.7611745212
2018-02-01,99.98693039142793,101.95699243409663,98.94549927826958,100.4512458561831,1333537.4410665976
2018-02-02,100.0336431543789,102.93295331624984,99.87237696468726,101.40266514046856,1345801.5408895747
2018-02-03,99.67766291937704,102.82751515096204,99.59453050774665,101.21102282935435,468548.5719870511
2018-02-04,97.91867872080937,100.73301821066066,97.00270009061698,98.86785915063882,1042685.1100771107
2018-02-05,98.7988762948543,99.32564097565513,97.59019645495404,98.45791871530459,1299962.0708171406
2018-02-06,99.64790717460683,103.00754248951297,99.02120532604089,101.01437390777693,1198678.5263098548
2018-02-07,100.17213763021377,100.67317581244077,99.39224674802078,100.03271128023077,926680.7687761537
2018-02-08,102.77877126577415,103.65386412139542,100.3864616230516,102.02016287222351,1122756.906494115
2018-02-09,103.6512240614789,104.28194070182623,101.69342460325481,102.98768265254053,933836.0506750576
2018-02-10,103.0258837272505,106.0095722935543,102.22893573736056,104.11925401545743,1068604.6855279119
2018-02-11,104.22605942207669,106.57890882569512,103.67303208818522,105.12597045694017,1442807.3119653752
2018-02-12,105.55538720526455,107.01181972947404,104.727764978517,105.86979235399552,1063109.43743864
2018-02-13,109.73434162643457,111.88677015653447,108.01288831302527,109.94982923477987,801693.485187891
2018-02-14,111.45690195296358,113.6526432352497,110.53524255381757,112.09394289453363,855688.9392272586
2018-02-15,114.4599618926641,114.70921351867909,113.38030814824081,114.04476083345996,1338760.0341985512
2018-02-16,111.80511080119162,113.65548811874564,110.26215673737066,111.95882242805814,1017228.3129511209
2018-02-17,110.17783662669392,111.41790715227906,109.82921705271747,110.62356210249827,759624.2760468347
2018-02-18,113.09916611713547,114.7002003335824,111.50628783434469,113.10324408396355,791475.5347132485
2018-02-19,112.2697587698123,112.99173505367351,110.70944125102406,111.85058815234879,1022773.3600288858
2018-02-20,115.55130478658569,115.68823132105605,113.35231722354293,114.52027427229949,955844.3661789788
2018-02-21,112.66964995414452,116.04454271536152,112.19407114795328,114.11930693165739,1208663.3738376056
2018-02-22,117.15162040804238,118.02373427793587,114.65393302822446,116.33883365308016,806823.6993722013
2018-02-23,116.17254253818466,119.98715138525489,115.91843774226483,117.95279456375987,1020301.9157406318
2018-02-24,118.61701724041261,121.03522384228098,118.61142095379246,119.82332239803672,1282034.1463736908
2018-02-25,116.772515396554,120.15663335585528,116.65195379619824,118.40429357602676,1364027.1331308293
2018-02-26,122.99818359482644,124.24535470096923,120.77650779064261,122.51093124580592,968885.1906571283
2018-02-27,124.46275903812862,127.79487626808904,123.99059369814682,125.89273498311793,978746.6971687376
2018-02-28,127.5288833377969,129.42069791068562,126.74098534776456,128.0808416292251,593541.1355467695
2018-03-01,127.70985378150063,130.54324200001213,125.46357157522215,128.00340678761714,1019503.9582555604
2018-03-02,133.48336264151104,135.12736597416009,130.67087009182663,132.89911803299336,1187827.079924394
2018-03-03,131.90584414248073,133.05148565985942,131.469616414214,132.26055103703672,615422.2004117834
2018-03-04,137.3870891626549,138.96665240383516,136.01879676845772,137.49272458614644,1180458.274544644
2018-03-05,137.51967746530977,138.09719902897425,135.1822872330388,136.63974313100653,1092687.6244744787
2018-03-06,136.78511325790717,136.90212977733677,134.49752857253574,135.69982917493627,801454.6172145912
2018-03-07,137.49299041629322,139.4994895482715,136.85135310411343,138.17542132619246,1328484.7342432754
2018-03-08,143.82615503129296,144.34885229386728,141.93459938739952,143.1417258406334,1182198.678560892
2018-03-09,146.10406558482174,150.49836962284098,145.95688513947215,148.22762738115657,879822.3548634974
2018-03-10,147.64368669363662,148.56197763420735,145.78199537656832,147.17198650538782,683121.200728055
2018-03-11,148.69402601636156,148.70786248780442,143.21582868716368,145.96184558748405,908940.2289633495
2018-03-12,150.42911191499638,151.0805169012358,147.43693960489855,149.25872825306718,1317922.6601652834
2018-03-13,153.70826652486178,154.97647404717284,149.29086270169063,152.13366837443175,978100.387068472
2018-03-14,148.43987593386387,153.31736935559888,147.8976231673034,150.60749626145113,1037078.5526088172
2018-03-15,149.90721855322934,154.92080085937147,149.03319371732601,151.97699728834874,1069187.0147227584
2018-03-16,158.6970017105335,160.49566079546062,155.4757918244425,157.98572630995156,1204242.242257548
2018-03-17,163.75628744071253,164.76233003059454,159.5137172219937,162.1380236262941,1251322.1573739492
2018-03-18,164.37261663950102,164.88413346856032,162.17009690646896,163.52711518751465,925425.3967601267
2018-03-19,165.04141439608688,166.1371526543208,164.0182209983504,165.0776868263356,1271210.6884349703
2018-03-20,168.25259947840706,168.41660015229164,162.56493322922793,165.49076669075978,1170834.6901727745
2018-03-21,168.94189626496146,173.96217038519515,167.70342372726893,170.83279705623204,1341089.0355415856
2018-03-22,173.45617911371005,174.71644690092987,172.71965930700557,173.71805310396772,880452.0830759257
2018-03-23,176.4752360696392,178.13579540765073,171.94129755916578,175.03854648340825,1166475.9015970537
2018-03-24,178.42695216697763,180.03919427539034,177.94007825145025,178.9896362634203,953495.8927928498
2018-03-25,179.1585158234453,184.42469299492774,177.31931401025628,180.872003502592,1357812.5600499026
2018-03-26,176.14455935927543,179.46777276699424,174.4169092184478,176.94234099272103,1285173.5677784784
2018-03-27,181.52586820152803,182.48999871656895,175.41862376815413,178.95431124236154,1629097.3660877477
2018-03-28,180.23341872737353,182.24878884752798,179.3996556811444,180.82422226433619,645535.2360825592
2018-03-29,183.8666362679845,186.20360996685514,182.69635266066228,184.4499813137587,759418.1238128545
2018-03-30,185.81058062568562,188.60188866006237,183.57766385791066,186.08977625898652,1363451.6525155702
2018-03-31,186.5196154416403,187.53862933479624,183.7203644006459,185.62949686772106,1017450.9621384079
2018-04-01,192.3558260472412,194.21941548412306,192.26197781704138,193.24069665058224,1096531.960418762
2018-04-02,199.94374866641363,202.2891598723033,197.64398933696282,199.96657460463305,957604.1466384684
2018-04-03,205.88425613877922,206.8445332291266,203.66741907427897,205.25597615170278,787287.7716474883
2018-04-04,209.758447780811,211.8156618319683,205.4774185962493,208.6465402141088,1126988.0182584047
2018-04-05,210.32404446515267,211.57082857371313,207.8924332372439,209.7316309054785,729796.3440039998
2018-04-06,215.25894086124285,216.0556476321909,213.75968397239004,214.90766580229047,826482.8576117052
2018-04-07,224.66277166461327,225.84064165734856,220.64482898834802,223.2427353228483,1023270.2617358017
2018-04-08,236.7115922878195,237.29087518849627,231.19621707644822,234.24354613247226,872769.7598157803
2018-04-09,245.48611600601993,248.98510003485944,242.95580489594388,245.97045246540165,1592427.323075671
2018-04-10,257.48888751128055,259.62728337263326,249.97409980942888,254.80069159103107,1295401.1367322356
2018-04-11,268.09602619628413,272.83946026116104,265.9578898610146,269.39867506108783,1319028.385526728
2018-04-12,280.9160892348111,281.2884796612865,273.5886689376337,277.43857429946013,1483430.2402965329
2018-04-13,285.15856531222676,287.2767653713046,283.15450899125005,285.2156371812773,957125.1125250559
2018-04-14,298.31082968167215,306.1981718423763,297.6637243900499,301.9309481162131,1023969.6016851543
2018-04-15,318.5404429747937,324.74394463697354,312.4831935590715,318.61356909802254,1085748.5544013558
2018-04-16,336.76789168342225,336.9856295986485,330.36297837649687,333.67430398757267,1065998.343753783
2018-04-17,345.59815995577935,349.2726667602491,343.2631345350954,346.26790064767226,1006351.5778831593
2018-04-18,357.09347012226226,364.3157340212251,354.5021847421809,359.408959381703,1161966.0810735929
2018-04-19,364.8033557458334,370.878426144951,360.32762415847577,365.6030251517134,1200188.2355137458
2018-04-20,377.72906186967197,381.7984265687801,372.9339800716767,377.36620332022835,1235045.3357414836
2018-04-21,383.5218958959696,388.8131092801872,383.5216543735753,386.16738182688124,975200.701392719
2018-04-22,400.9819546147937,405.03663710328243,398.17658679736354,401.606611950323,820996.7383174627
2018-04-23,420.9136490859667,433.0549424685944,417.7456316346049,425.40028705159966,1288876.5842078666
2018-04-24,447.05995317217696,451.8049505860736,442.9090355112351,447.3569930486543,1225541.0322232675
2018-04-25,466.23656325392597,469.4412105469933,457.68321887464487,463.5622147108191,698073.6973250764
2018-04-26,478.1502290626317,492.35570989700955,474.36926114543354,483.3624855212215,1270798.2005784153
2018-04-27,506.0858485578546,507.79931747117905,498.27542722938017,503.0373723502796,901626.0427990139
2018-04-28,521.6440932355749,522.7284923481284,517.0964227178438,519.9124575329861,1267060.9975648501
2018-04-29,537.2243944026823,544.0499559907403,533.0797950041842,538.5648754974623,945360.0544235838
2018-04-30,554.8511141122837,569.7606376311542,548.516578297802,559.1386079644781,1135197.8025043835
2018-05-01,567.8866060809884,580.5564460420811,564.6810310803386,572.6187385612099,1128723.1203880657
2018-05-02,588.123545553946,593.0952642935986,585.1960322937209,589.1456482936597,1331356.754360188
2018-05-03,609.0426851270391,616.3721022013957,604.7823228487525,610.5772125250742,1003205.0878945048
2018-05-04,659.5101942105092,661.9672587614734,638.2548663815023,650.1110625714879,743595.875400585
2018-05-05,680.4528433696706,692.7925697654417,667.2935898449246,680.0430798051831,1012469.7155438433
2018-05-06,691.2726621796885,703.4191288530086,685.320281668112,694.3697052605603,826156.7730062702
2018-05-07,722.3660850452961,724.712243656664,716.5037664997402,720.6080050782022,733102.3300043695
2018-05-08,733.3297948874065,746.6809057254242,731.9200132151778,739.300459470301,1022568.1717074153
2018-05-09,773.3547584572502,777.8417015158584,749.9086492235432,763.8751753697007,827515.43496703
2018-05-10,768.4694124868922,790.1814211857663,763.9210355606365,777.0512283732014,1211943.172510354
2018-05-11,828.6769063020421,833.9780711962297,808.07809647,821.0280838331149,752353.4246032126
2018-05-12,819.1996156635811,846.392937519817,816.6750061250511,831.5339718224341,1194031.1726823752
2018-05-13,857.097386887832,874.3774910518927,846.5419559029934,860.459723477443,1091131.8885246161
2018-05-14,913.1573802415339,929.7239285088157,904.8529679765142,917.2884482426649,881079.6223208231
2018-05-15,953.7211452471205,966.0411203362714,932.3740306796433,949.2075755079574,825352.7176386409
2018-05-16,955.3343132552274,965.0362174841915,954.7884154401023,959.9123164621469,935327.2842086928
2018-05-17,999.6914794062129,1023.0608814513462,985.383858183646,1004.2223698174961,1088932.4990023219
2018-05-18,1012.2321544661943,1021.3239787566496,1001.6535014895996,1011.4887401231246,1289223.558705046
2018-05-19,1048.7862519196826,1075.6430897627429,1041.2152728067595,1058.4291812847512,1222689.6741563524
2018-05-20,1065.3933644644017,1088.3272226001186,1065.1168623039248,1076.7220424520217,794283.4889803323
2018-05-21,1144.5471148892298,1159.4724208126554,1126.6983690754246,1143.08539494404,1024233.6304781905
2018-05-22,1199.9851960556955,1208.3950586926874,1168.7981511984465,1188.596604945567,1082861.644758274
2018-05-23,1259.1427187351492,1286.8521621916473,1252.6730714679122,1269.7626168297797,789976.410999719
2018-05-24,1318.7765227864961,1329.2955363336418,1309.3048349741584,1319.3001856539001,1159931.297749076
2018-05-25,1367.9523025762453,1385.1549117047111,1367.4789409195027,1376.316926312107,978607.1053296684
2018-05-26,1396.7473384686543,1399.6864586003298,1368.4799472195955,1384.0832029099627,1072941.0105718698
2018-05-27,1448.0937619856713,1482.2094727422998,1439.3198352823474,1460.7646540123235,1338558.6692410593
2018-05-28,1553.9050070397102,1554.2758402484737,1500.507984881648,1527.391912565061,1178590.457725853
2018-05-29,1601.7421348710204,1638.3888828111676,1579.0771192147572,1608.7330010129624,1229450.0394734447
2018-05-30,1701.056253507086,1711.975069826042,1694.7621980699537,1703.3686339479978,1202847.0423814426
2018-05-31,1773.065744117386,1802.8923733631725,1765.5009144962671,1784.1966439297198,864624.2192950238
2018-06-01,1879.7761881996396,1884.8488476101577,1819.4267021055616,1852.1377748578598,691696.6795864922
2018-06-02,1941.1338567596786,1948.5361219115525,1894.8028310448044,1921.6694764781785,1130418.7559746145
2018-06-03,2002.8591997326405,2018.1061751873847,1975.2304993878693,1996.6683372876269,1029490.4103029906
2018-06-04,2015.236577861249,2070.1254527497513,2004.6606413988438,2037.3930470742976,1312494.0726027451
2018-06-05,2116.594269710047,2124.273084638791,2065.388197152892,2094.8306408958415,1450285.1462639677
2018-06-06,2169.718047254374,2171.9218784995883,2147.614250216819,2159.7680643582034,976561.63915706
2018-06-07,2231.546472919928,2249.232805067205,2191.0912519487324,2220.162028507969,1003911.4696877612
2018-06-08,2325.2369959029725,2404.181805182265,2313.1670567056776,2358.6744309439714,367980.89850041276
2018-06-09,2490.9337119820275,2491.422323595982,2403.921269945728,2447.671796770855,941589.9805870883
2018-06-10,2566.238230939752,2595.198252577401,2548.4455530108858,2571.8219027941436,741542.1999497717
2018-06-11,2730.1113888295217,2737.9932398947544,2677.261757502241,2707.6274986984977,550137.8546949012
2018-06-12,2656.278569610229,2737.6456066951173,2655.7890103067703,2696.717308500944,896522.7080387743
2018-06-13,2792.969982162323,2836.301482335701,2780.471136276153,2808.386309305927,1215060.9028419356
2018-06-14,2871.375860190507,2898.7084144925657,2832.901694577862,2865.805054535214,1052334.8874214585
2018-06-15,3019.8871085368723,3027.2278870190275,2937.6110151495946,2982.419451084311,1031266.6974817537
2018-06-16,3063.1858405618914,3078.93725434502,3017.666335501983,3048.3017949235013,1125256.4884935422
2018-06-17,3233.1204276801946,3254.5680283806796,3176.602435316003,3215.585231848341,885915.5284392847
2018-06-18,3317.2177745821214,3393.065218458126,3269.2207911699306,3331.1430048140282,1454447.6224786467
2018-06-19,3481.4248049095927,3529.6930083828447,3454.370490728581,3492.031749555713,1007699.818754449
2018-06-20,3611.894368249754,3626.7806995248134,3583.438665599792,3605.1096825623026,918852.3028066192
2018-06-21,3760.131849370821,3798.5609413686498,3759.039315099071,3778.80012823386,1076256.723522843
2018-06-22,3865.935924928911,3908.7143505176546,3844.1650769212183,3876.4397137194364,679478.1743595363
2018-06-23,3882.6646873554137,3916.6595917727177,3864.475114286929,3890.567353029823,819590.0615548989
2018-06-24,3966.00392098883,4009.5077010625605,3905.7235408135853,3957.615620938073,915341.2737302667
2018-06-25,4091.0238479718937,4116.897877319709,3958.3036100623335,4037.600743691021,1434245.8120501598
2018-06-26,4239.601653308783,4293.27737523397,4159.632361567805,4226.454868400888,1251081.6511151313
2018-06-27,4403.289372028625,4491.165050125764,4363.365603197917,4427.265326661841,991465.1533566866
2018-06-28,4555.647153459035,4614.183090675087,4472.25367694294,4543.218383809014,1113022.1374923806
2018-06-29,4737.4970012799495,4743.216683825512,4638.958915615972,4691.087799720742,869478.5253009488
2018-06-30,4876.95422735804,4928.745476683925,4777.892337496029,4853.318907089976,760130.2283134348
2018-07-01,4968.01649086726,5063.055341714806,4894.617003326141,4978.836172520473,919706.1006077811
2018-07-02,5045.997742724729,5185.035100097232,5043.01313188072,5114.0241159889765,955045.1538488814
2018-07-03,5174.991918224673,5197.787150754612,5142.064888695788,5169.9260197252,1024517.194267939
2018-07-04,5317.801271179803,5360.45472843041,5292.9420660158985,5326.698397223155,875525.9838124138
2018-07-05,5592.4805295110145,5597.961153085732,5380.060500145452,5489.010826615592,1389019.5710733254
2018-07-06,5658.703038649623,5732.065068580485,5593.196694098528,5662.630881339506,1027059.6566929686
2018-07-07,5752.419061473356,5867.662651483948,5664.207343218077,5765.9349973510125,1841754.8923364754
2018-07-08,5778.142726135264,5846.931885416879,5705.000999421843,5775.966442419361,1199491.796297003
2018-07-09,5843.18507597778,5898.433550159914,5797.917855776617,5848.175702968266,1341850.8679713453
2018-07-10,6009.037143001484,6138.652482710624,5989.893523995528,6064.273003353076,1120051.1100597098
2018-07-11,6166.921388762779,6261.77221080521,6024.183130031824,6142.977670418517,1349063.5235377343
2018-07-12,6449.792244243051,6549.694411326952,6395.018335684704,6472.356373505828,857370.3486063622
2018-07-13,6990.06788739672,6997.2018801359045,6727.4822262052585,6862.3420531705815,1094980.5380580171
2018-07-14,6928.33316454555,6960.830680054171,6725.188875712852,6843.009777883512,693863.5317344321
2018-07-15,7007.02937415756,7068.475056759094,6882.994452776616,6975.734754767855,1123587.624687082
2018-07-16,7157.611290350677,7237.572633803941,7133.5425277494505,7185.557580776695,1090746.589743623
2018-07-17,7314.502801621975,7414.895952839312,7242.643649759397,7328.769801299354,1365040.478787987
2018-07-18,7604.614677976328,7617.523901744556,7375.55901572527,7496.541458734913,1312545.0826146593
2018-07-19,7779.544640599686,7817.6756513879145,7719.714967817656,7768.695309602785,1081599.8055375775
2018-07-20,8039.841634734458,8070.790623099175,7850.8382124067275,7960.814417752951,1272419.325836715
2018-07-21,8076.832051922324,8179.479402324391,8064.218334414554,8121.848868369473,770927.5776753259
2018-07-22,8295.083303828218,8391.72361997318,8107.813675253389,8249.768647613284,1401260.2276620998
2018-07-23,8184.825284479015,8212.611929793567,8088.6109914713525,8150.61146063246,1081767.0672951646
2018-07-24,8311.376919257076,8453.95725036531,8276.339954643685,8365.148602504498,937769.7209565087
2018-07-25,8561.110223677731,8668.148301160667,8449.31980781217,8558.734054486418,1227510.011672344
2018-07-26,8820.309840244934,8836.260379089264,8627.404207713616,8731.83229340144,1062769.3007987516
2018-07-27,8875.899411474007,8895.385229329102,8805.368195962736,8850.376712645919,1188979.780597203
2018-07-28,8956.228636462894,9018.309795779684,8765.051858409135,8891.68082709441,956838.8112908173
2018-07-29,8895.220937734102,9024.66262572334,8804.665048337685,8914.663837030514,1236546.3684724618
2018-07-30,9055.809880351097,9096.684434693256,8964.858750486355,9030.771592589805,1121559.2823513525
2018-07-31,9594.994220918561,9667.401252253758,9397.78416551383,9532.592708883794,1236360.4922557687
2018-08-01,9631.641501859944,9744.489691773084,9464.316792494348,9604.403242133716,730109.3977707743
2018-08-02,9729.853213486393,9820.403284019916,9718.289194155992,9769.346239087954,1003017.2637941486
2018-08-03,9747.204255679124,9910.801786917547,9742.555890828413,9826.67883887298,1295124.5477610729
2018-08-04,9823.634338921489,9927.583771514952,9773.540152927308,9850.56196222113,1072764.0364369373
2018-08-05,10029.124809634126,10071.700696366544,9893.365402992129,9982.533049679338,977793.5703238737
2018-08-06,10216.61677708776,10251.976738510895,10119.599591433252,10185.788164972075,1063300.0514411873
2018-08-07,10345.07519473679,10477.962497534278,10184.226028724663,10331.094263129471,1046613.9417315166
2018-08-08,10364.835627513257,10580.961650954892,10247.965432016192,10414.463541485542,1209952.9359714584
2018-08-09,10254.432103874024,10536.210101176459,10248.125712138071,10392.167906657265,912178.863155459
2018-08-10,10426.381015444835,10724.545127104853,10322.303352047833,10523.424239576343,1215530.1797640882
2018-08-11,10690.279684303228,10826.698647547037,10470.923938617696,10648.811293082366,640578.1656481175
2018-08-12,10816.664673848258,10889.7510978481,10778.946323493305,10834.348710670703,840801.2143003332
2018-08-13,10592.851011452525,10969.299675040676,10544.488610779923,10756.8941429103,1295534.4796237631
2018-08-14,11087.299117194816,11113.56913041342,10934.857535508447,11024.213332960933,843181.2870617018
2018-08-15,11028.193159973891,11109.36741504634,10893.414191843272,11001.390803444805,1341433.8022851557
2018-08-16,11360.104094887762,11412.701638806157,11281.797993110724,11347.249815958441,917680.6317103957
2018-08-17,11513.25426432884,11683.579759780776,11423.405287245674,11553.492523513225,1245011.5406048698
2018-08-18,11424.422274292701,11749.148943702718,11387.637712913925,11568.39332830832,1136029.144443323
2018-08-19,11652.457695895333,11652.52342181596,11415.868124651428,11534.195773233694,1173012.6786408443
2018-08-20,11207.98994271159,11393.651974490369,11207.325233776291,11300.48860413333,1046122.6036274387
2018-08-21,10892.824373563517,11132.26880486573,10887.86495429283,11010.06687957928,977246.9925755358
2018-08-22,11032.426688423393,11157.067659441145,10974.163951400911,11065.615805421028,873299.2480136743
2018-08-23,10942.891946458982,11194.326200386427,10784.12394734781,10989.22507386712,861792.7468423254
2018-08-24,10397.642561516683,10562.344022102356,10391.488755759612,10476.916388930984,1311468.9777145318
2018-08-25,10473.783913507867,10574.281311930334,10446.971486504686,10510.62639921751,1118216.6460277583
2018-08-26,10302.876126577585,10316.137338174716,10066.255551871296,10191.196445023006,1104853.9933613578
2018-08-27,10068.106732010872,10077.468472119948,9923.129062810047,10000.298767464998,1137605.3146410668
2018-08-28,10166.04727534342,10281.645466173022,10025.653866286231,10153.649666229627,913019.6045220109
2018-08-29,10451.136698688686,10476.212764081685,10325.477635100524,10400.845199591105,1366315.5081951974
2018-08-30,10301.140612365367,10387.362526491137,10075.05073762024,10231.20663205569,1023345.117285701
2018-08-31,10300.548482653126,10356.07415072144,10168.01019369247,10262.042172206955,765679.286716231
2018-09-01,10203.01410374039,10399.146121707285,10171.864055426528,10285.505088566906,850760.6730170978
2018-09-02,10199.012731852335,10592.757897830648,10196.9663958116,10394.862146821124,1106212.6073275404
2018-09-03,10681.381553645018,10738.051163638314,10371.14904874729,10554.600106192802,963434.8653231811
2018-09-04,10219.724302826202,10363.898576679252,10163.68922310168,10263.793899890466,1181390.2103988593
2018-09-05,10015.045749530937,10250.897927852748,9904.421888206885,10077.659908029817,1287532.9677225864
2018-09-06,10081.380627323872,10176.399705943762,9803.145991260328,9989.772848602046,1130291.9967615732
2018-09-07,9811.468741413635,9829.031058671644,9686.806065828676,9757.91856225016,645141.8630368571
2018-09-08,9624.735296807057,9934.767754745832,9547.825989682382,9741.296872214107,1068194.4797754602
2018-09-09,9331.274922715407,9554.35748444501,9245.088982346806,9399.723233395907,1573363.8884979947
2018-09-10,9431.398546055041,9432.978196598131,9144.700198807637,9288.839197702884,1206160.8088107
2018-09-11,9216.728130749596,9271.305416694411,9125.108463606406,9198.206940150409,818200.1243373336
2018-09-12,8961.552751230724,9038.522982565508,8892.05699889873,8965.289990732119,767417.6290483924
2018-09-13,8772.003850379126,8811.550664347638,8692.86445701577,8752.207560681703,1231763.774439496
2018-09-14,8675.093405891359,8759.872537282774,8486.32200057243,8623.097268927602,1209630.6657588023
2018-09-15,8152.080778424071,8240.97742219035,8126.885228626518,8183.9313254084345,1576350.901520816
2018-09-16,7986.894347369276,8142.270879530499,7899.932524964473,8021.101702247486,1163292.9314405532
2018-09-17,7895.367939774129,8145.414457275834,7860.040026053844,8002.727241664838,1124797.055612833
2018-09-18,7718.428814045427,7833.675606979639,7673.966927418649,7753.821267199144,1126140.173367443
2018-09-19,7539.412585368933,7553.6177102000365,7327.160655330046,7440.389182765041,983973.5311806471
2018-09-20,7259.918045178754,7338.464897956741,7103.153892411494,7220.809395184117,1005483.2682179199
2018-09-21,7008.3848873376255,7062.189358667817,6927.237411010441,6994.713384839129,1433280.1147219138
2018-09-22,6658.673899052617,6708.312257195505,6617.982778758344,6663.147517976924,1074052.6139005437
2018-09-23,6362.5115685797555,6530.196228091076,6299.885386841944,6415.040807466509,992291.6822875161
2018-09-24,6335.819384535081,6343.705327071524,6204.03620092221,6273.870763996867,903683.0008264846
2018-09-25,6145.932365757007,6216.5130219057755,6107.325809084065,6161.91941549492,1032870.3642136714
2018-09-26,6078.829954160113,6128.612133713727,5897.59761624918,6013.104874981454,1091418.0840596396
2018-09-27,5687.377203784481,5838.312433927036,5677.601533498873,5757.956983712955,965349.6211382442
2018-09-28,5536.234663437758,5694.611196084832,5498.524972228875,5596.568084156854,1426100.073141899
2018-09-29,5204.377387993038,5400.144364594043,5202.971187231847,5301.557775912945,1068553.6990349356
2018-09-30,5015.175488608161,5147.153063100039,4988.537642222164,5067.845352661102,994561.525582428
2018-10-01,4778.242879279855,4846.088896673761,4697.727239173094,4771.908067923428,1080834.7206609312
2018-10-02,4506.871639778314,4604.578216814895,4487.0251535822745,4545.801685198585,1273574.142107071
2018-10-03,4352.792350266388,4391.85462945491,4235.4586825266515,4313.656655990781,971012.954611245
2018-10-04,4165.839837651963,4196.610777461878,4147.859378286856,4172.235077874367,1149357.272621973
2018-10-05,3984.65295923325,4008.6714276070807,3893.5508821141207,3951.1111548606004,863292.7467551613
2018-10-06,3707.627609310061,3712.114099049042,3608.7839449805147,3660.449022014778,1367804.7808385738
2018-10-07,3421.4180965993564,3487.5998664196227,3374.2170038079553,3430.908435113789,907135.6911259996
2018-10-08,3222.17578181465,3229.3764762888304,3186.7373112043233,3208.056893746577,706867.2472261077
2018-10-09,3119.8373340365324,3152.6165835793904,3050.9153298930123,3101.765956736201,1149319.5839507717
2018-10-10,2908.245306098969,2990.7922099535235,2880.728112919274,2935.760161436399,1341140.4907253173
2018-10-11,2822.0172115797027,2835.4660747226326,2796.030708085571,2815.7483914041018,972942.1082356791
2018-10-12,2640.8392215070453,2690.962435594693,2639.1510721813543,2665.0567538880236,1243389.935188762
2018-10-13,2465.2820625317613,2484.4318383084214,2456.88108413283,2470.6564612206257,1118014.3543494646
2018-10-14,2281.989710738218,2316.1914186306144,2256.1128749943587,2286.1521468124865,1111237.8342455805
2018-10-15,2174.8029115314393,2193.7724987801284,2149.751033513621,2171.761766146875,669839.7900131241
2018-10-16,2023.9632908083363,2065.17159741573,2000.9710557354954,2033.0713265756128,1361525.404868414
2018-10-17,1966.8144229890631,1984.2357205747992,1920.3568067578065,1952.2962636663028,1265699.3834487987
2018-10-18,1836.837141826809,1879.816980623857,1826.4933165480863,1853.1551485859716,1503061.7164438555
2018-10-19,1705.0955042387895,1713.8330145526131,1693.6376610705163,1703.7353378115647,1177207.2692945085
2018-10-20,1591.5907520344624,1604.3116417788074,1573.6499407847996,1588.9807912818035,946965.2778146314
2018-10-21,1475.8913789626197,1517.0172199575716,1463.2329563553483,1490.12508815646,1182635.9572986672
2018-10-22,1406.7755627132306,1424.0982025620697,1397.7916248159618,1410.9449136890157,900630.3339873637
2018-10-23,1343.6513056765439,1343.782509365872,1321.9063436260872,1332.8444264959796,974129.4599597945
2018-10-24,1250.7674241571367,1255.1915011754893,1233.9805889257,1244.5860450505947,1066231.8247695782
2018-10-25,1169.554697764978,1185.4921276263185,1158.5049924771415,1171.99856005173,864039.4159678431
2018-10-26,1115.3073301324648,1125.7288486329126,1085.095831875767,1105.4123402543398,932777.1431125611
2018-10-27,1018.7703592677719,1027.4370844933048,1015.2078609955106,1021.3224727444077,701846.5985002086
2018-10-28,966.6989419592286,971.3846359684334,946.3133350740804,958.848985521257,1038986.6135322993
2018-10-29,890.5062806212736,908.1388617214808,890.4430267883425,899.2909442549117,1007742.863506675
2018-10-30,833.7503426526612,850.142476032327,827.6259007480527,838.8841883901898,989877.8385556343
2018-10-31,780.0031986616698,808.1613079530871,778.1075087300717,793.1344083415794,1146354.5892668297
2018-11-01,726.0433503751194,732.0211229727367,723.8500281042628,727.9355755384997,917254.5292612205
2018-11-02,668.8441244483048,681.3905783681491,656.8554129813571,669.122995674753,1234532.218128643
2018-11-03,624.3156117525515,638.0118871381019,618.0095140488154,628.0107005934586,1289194.4764705184
2018-11-04,587.9448232711796,588.6833055949401,580.1105288030511,584.3969171989957,986545.0346712187
2018-11-05,560.3817209943247,562.8083769364827,554.502334265697,558.6553556010898,1084270.0513817507
2018-11-06,513.0814956041603,527.9784363374067,510.5336464476045,519.2560413925056,867904.057190877
2018-11-07,478.7354867917507,486.38055815964987,476.6941129896673,481.5373355746586,1146858.8640929624
2018-11-08,453.92982035480094,461.3472429889478,444.81534590042264,453.0812944446852,703883.3842395104
2018-11-09,415.53030359845786,420.048266728791,411.42430262050885,415.73628467464994,1205456.5621927246
2018-11-10,393.69329348871133,393.7720695545754,387.73423327675596,390.7531514156657,737682.7320701844
2018-11-11,356.3355763572597,361.5763313179225,348.66322988867915,355.1197806033008,1072307.000474287
2018-11-12,336.0374827805722,337.2121947781198,326.9357565888808,332.0739756835003,1308808.611479326
2018-11-13,310.14652528396925,310.16811348817004,305.4370012186818,307.8025573534259,962973.9377523344
2018-11-14,284.94094581407415,287.37217972625024,281.62532999807826,284.4987548621643,402991.0105987072
2018-11-15,269.34963689978787,273.19716412823175,267.85982798978955,270.52849605901065,1020681.5039419675
2018-11-16,249.1853884048661,252.17110160315315,247.64488902553927,249.9079953143462,1008092.7046410404
2018-11-17,227.1514463232748,228.4016496351739,224.58774213178577,226.49469588347984,1178761.4806644719
2018-11-18,210.2975592921587,212.61898747367385,207.40911530908159,210.0140513913777,1078900.815488414
2018-11-19,187.82272017303407,192.89462330833487,186.25622931209705,189.57542631021596,1364001.1418745453
2018-11-20,176.47568144951725,176.74633626639016,173.61105483261431,175.17869554950224,981656.8777861388
2018-11-21,163.0708335369354,163.07567678479907,161.04015923135447,162.05791800807677,1115432.3397599186
2018-11-22,148.19866155642782,150.3895779428096,147.06564015452204,148.7276090486658,1444905.7701978527
2018-11-23,136.57125397822824,138.38911178862188,133.90039302717187,136.14475240789687,1150395.0673012752
2018-11-24,126.92938391438273,127.56030635461343,123.15960875187164,125.35995755324254,1351921.4450294836
2018-11-25,116.95728858990768,118.30631716362154,114.6346832136725,116.47050018864702,1112751.7490530242
2018-11-26,106.74592922641239,108.05788166215744,106.01015318201844,107.03401742208794,938886.0803199192
2018-11-27,96.39412907759167,99.5407125982786,96.20648239664945,97.87359749746403,1014889.5499970508
2018-11-28,91.72855606778955,92.23960014686001,90.28780006823318,91.2637001075466,930407.2802622349
2018-11-29,83.56963120309459,83.92803147019816,81.52276773552157,82.72539960285987,893284.8252719532
2018-11-30,76.7171077592392,76.7760335915956,74.43240842603429,75.60422100881495,1027595.5460195952
2018-12-01,68.8043682213012,70.72802296713034,68.72549790342889,69.72676043527962,845785.1021513878
2018-12-02,64.38792369940607,65.50205259653133,63.154859042525125,64.32845581952823,1376519.4316893842
2018-12-03,59.69499197000765,60.38707675959524,59.076250430576614,59.73166359508593,1055345.8694517547
2018-12-04,55.320904684698945,55.391697299368865,54.18701480397314,54.789356051671,1168126.2684534183
2018-12-05,49.10720725189573,49.14471559049099,48.5246570429901,48.834686316740544,808377.5282039265
2018-12-06,43.98279992421727,44.63581765623859,43.73327864105219,44.18454814864539,826412.3139671031
2018-12-07,40.56480479248957,40.64426822909961,39.69270661252364,40.16848742081162,702525.2302909129
2018-12-08,36.361921706311215,36.456264132438754,35.640199190697444,36.048231661568096,1087395.6696804252
2018-12-09,32.91916756218031,33.0556783578506,32.08463862370363,32.57015849077712,1003856.7355865996
2018-12-10,28.93157598906575,29.817932902524845,28.866878094007745,29.342405498266295,1096837.7139777713
2018-12-11,27.4818866775947,27.69564670306231,26.934575219827337,27.315110961444823,1103770.9510217689
2018-12-12,25.438392612175633,25.5207814722113,25.21039564129431,25.365588556752805,802803.4440641718
2018-12-13,23.15454851292933,23.278418309125083,22.954608534066168,23.116513421595627,1030175.3808042579
2018-12-14,21.14171844085915,21.345777857035316,21.028979531645604,21.18737869434046,1099883.2033705066
2018-12-15,19.027954722583736,19.58873289341117,18.85002931495951,19.219381104185338,953474.0410793078
2018-12-16,18.015575693417055,18.220686929873615,17.685871444231644,17.95327918705263,1065717.465614792
2018-12-17,16.07165330978039,16.263241080650882,15.926878442516662,16.095059761583773,924962.5009150229
2018-12-18,14.25104285203806,14.367668299999577,13.905976807901489,14.136822553950534,807887.1746755299
2018-12-19,12.858483097638489,13.101291662923295,12.7496368231774,12.925464243050348,935999.695576557
2018-12-20,11.486558561248632,11.776193816904907,11.355314858721531,11.56575433781322,781013.1292878387
2018-12-21,10.847362870292686,10.985119945068279,10.700535662104313,10.842827803586296,933510.7183320299
2018-12-22,9.77777381520824,9.792462690685014,9.576022780610145,9.68424273564758,856089.3701160097
2018-12-23,8.994289557716002,9.052625715213503,8.824117464014197,8.93837158961385,1018939.0468921412
2018-12-24,8.327860700223965,8.451336913627797,8.30752746148474,8.379432187556269,985311.2555317384
2018-12-25,7.814419913774359,7.843628832286988,7.722515762934122,7.783072297610555,748174.7895605945
2018-12-26,7.016133181750381,7.205943047630687,6.941920535659622,7.073931791645155,1008636.582177774
2018-12-27,6.309223039712354,6.373939950246823,6.167485919731168,6.270712934988995,1034013.5578684859
2018-12-28,5.7786550272897035,5.9276539423934596,5.715539807197676,5.821596874795568,1439156.4316874521
2018-12-29,5.360055107177114,5.3729090259814205,5.305699753973523,5.339304389977472,1130805.7864501383
2018-12-30,4.923196629072325,5.051297963332008,4.856053298827264,4.953675631079636,955840.2706254721
2018-12-31,4.497454452749236,4.527925307405979,4.425104363760794,4.476514835583386,786808.8367626657
2019-01-01,4.015658691395584,4.06565673589553,3.9834910943589783,4.024573915127254,1038713.9295319249
2019-01-02,3.633460702780147,3.7060136484694652,3.5912629807662104,3.648638314617838,756929.3532267875
2019-01-03,3.252160527814957,3.3345924468592947,3.2499023668180618,3.2922474068386784,959080.0443080587
2019-01-04,2.9686258365956903,3.0535897493862536,2.957122800307346,3.0053562748468,883647.8278238125
2019-01-05,2.711837589566876,2.7423502288316963,2.7117641416104417,2.727057185221069,951331.0562010874
2019-01-06,2.4737033746396757,2.513022426525228,2.4234363561487062,2.468229391336967,1300994.0888039859
2019-01-07,2.229688904631932,2.3065670899740716,2.218616053890281,2.2625915719321763,1266642.5717247454
2019-01-08,2.055053267233945,2.05558074232091,2.0205710121709504,2.03807587724593,1363444.359137113
2019-01-09,1.7973177023103646,1.81892102422715,1.786274303955778,1.802597664091464,939103.0652219692
2019-01-10,1.6443200656166463,1.6772101742952719,1.6368293621375125,1.657019768216392,1641115.7106082614
2019-01-11,1.5395891921419151,1.5397504206065227,1.4888359041262107,1.5142931623663667,1240068.4444937182
2019-01-12,1.407690117141479,1.4164969792162507,1.396856448860908,1.4066767140385794,926744.3341503602
2019-01-13,1.2854180231707542,1.286627047942265,1.2666997930393689,1.276663420490817,1016481.9856000708
2019-01-14,1.1961631429376645,1.2010111885713621,1.1550302592980624,1.1780207239347122,743758.7158961707
2019-01-15,1.0647096439602037,1.0998800464304428,1.0609488248517525,1.0804144356410976,1274608.0078076131
2019-01-16,1.004531339191215,1.0168392089639926,0.9980787142301278,1.0074589615970602,1074343.460411982
2019-01-17,0.9333829095742276,0.9395956552655561,0.9052608685818443,0.9224282619237002,684509.9568358966
2019-01-18,0.8431157753614936,0.8494993862137523,0.8311627132273345,0.8403310497205434,1121255.4513578285
2019-01-19,0.7586802809172112,0.7589804078315628,0.7471020597654506,0.7530412337985067,928706.2189532925
2019-01-20,0.6794126689264285,0.6878846083585618,0.674633545575596,0.6812590769670789,1223677.699350659
2019-01-21,0.6243753399055569,0.6382257228083206,0.6189155421334323,0.6285706324708764,1155121.5723908935
2019-01-22,0.559767252411925,0.5623908260698103,0.5562495014172388,0.5593201637435246,879304.2165093448
2019-01-23,0.5187314007485289,0.5239450394312164,0.5136802856809479,0.5188126625560822,1334044.3891004298
2019-01-24,0.4801801538287709,0.49517746858791317,0.47768066310642554,0.4864290658471694,1298978.0792347253
2019-01-25,0.44623029314955465,0.4562526036615227,0.4388140289090593,0.44753331628529097,1126590.0872771388
2019-01-26,0.4033616944473396,0.41810883151827644,0.40209225272168864,0.41010054211998254,1248343.5231472
2019-01-27,0.37473541572350966,0.3801650846594609,0.37126686140186343,0.3757159730306622,816334.905777996
2019-01-28,0.35083954398202055,0.3528035757365779,0.3475308916382184,0.35016723368739816,903861.4126640178
2019-01-29,0.3106843812815085,0.3157912918207267,0.31010981162010526,0.31295055172041597,1022295.4008251138
2019-01-30,0.28224348495534435,0.2853416723075804,0.27991887196478743,0.2826302721361839,1083219.4812746076
2019-01-31,0.25571859669366603,0.25909672872067313,0.25260497236398394,0.25585085054232853,1243726.573209499
2019-02-01,0.23237976010959155,0.23850738228240814,0.23227504251468334,0.23539121239854574,1376336.3385622127
2019-02-02,0.2178503677715877,0.2184044810216501,0.21584287753897635,0.21712367928031323,1129343.0416498845
2019-02-03,0.2007373033384999,0.2045962971727573,0.1984233090147765,0.2015098030937669,999066.7435649948
2019-02-04,0.19003716215486716,0.1911400044851225,0.1842171824914878,0.18767859348830515,959726.3611390118
2019-02-05,0.1726646419375981,0.17366811198234564,0.16977703592624838,0.17172257395429702,1130980.3675090778
2019-02-06,0.15648663022230613,0.15907371254300237,0.15406806532919143,0.1565708889360969,1153635.5464798668
2019-02-07,0.14391364129867878,0.14869194903614194,0.14291393840861305,0.14580294372237748,767563.0043799181
2019-02-08,0.1346202597344426,0.13614918757739772,0.13328551523138837,0.13471735140439303,1067278.293151438
2019-02-09,0.12621112846026664,0.12664910248724842,0.12350738230220365,0.12507824239472604,1201814.7317352307
2019-02-10,0.11698319744906853,0.11957978653266928,0.11492833192207454,0.1172540592273719,477431.65538322844
2019-02-11,0.1109706726240282,0.11179781230198908,0.1081745289530353,0.10998617062751219,719860.6571101587
2019-02-12,0.10305153642988682,0.10343141802378948,0.10204012862075679,0.10273577332227313,1015547.1016599452
2019-02-13,0.09331191479361153,0.09350248234391066,0.09173816603366172,0.09262032418878619,1206232.8347035672
2019-02-14,0.08695870448498204,0.0881691430429734,0.08649482709714802,0.08733198507006071,987835.9171713091
2019-02-15,0.08379544535697508,0.08426261430331429,0.08287546577366679,0.08356904003849054,1383894.8150691732
2019-02-16,0.07951542871246547,0.0812711037999836,0.07811059021444601,0.07969084700721481,942791.3698883353
2019-02-17,0.07604459094645936,0.07757113523142058,0.07528664894627161,0.0764288920888461,1045005.9795404675
2019-02-18,0.07098422278974316,0.07162282081862704,0.07032390282074015,0.0709733618196836,867503.9629527966
2019-02-19,0.0653626447879363,0.0671668154490628,0.06459521406699924,0.06588101475803101,1124875.5721174597
2019-02-20,0.06268811936747097,0.06375321263647298,0.061338871239304864,0.06254604193788892,1388718.3482665007
2019-02-21,0.05870111798506493,0.05914457278995659,0.05683511860994636,0.05798984569995148,1513291.4173940844
2019-02-22,0.05627625944407528,0.05668087550747566,0.05528224280509628,0.055981559156285964,1177653.8720896768
2019-02-23,0.05265612720054285,0.05326397652999201,0.0524426744913956,0.052853325510693806,1021660.3119669108
2019-02-24,0.05044004966696077,0.050662693488287384,0.04926443053437845,0.04996356201133292,1022678.2797629264
2019-02-25,0.04616041591008687,0.04698566584805539,0.045600555887853715,0.046293110867954554,1345276.8275533987
2019-02-26,0.044216135726230905,0.045386228452441356,0.04390281975469486,0.0446445241035681,1029983.5968803487
2019-02-27,0.042576657437595034,0.04312957306047865,0.04174239122139833,0.04243598214093849,1127021.7350837088
2019-02-28,0.04082774534222484,0.04096480453346688,0.04038588949750708,0.04067534701548698,827384.3928669406
2019-03-01,0.03925460681679316,0.039387106878356955,0.0384974079096125,0.03894225739398473,1344694.1638659101
2019-03-02,0.036494529771982476,0.037220462939742,0.036465857770163576,0.03684316035495279,924728.2325864676
2019-03-03,0.034478253201968706,0.0352847156772057,0.03446353404021246,0.03487412485870908,1127417.4301721363
2019-03-04,0.03320737625732974,0.033496547469706366,0.03296508430227898,0.03323081588599267,1054043.058001465
2019-03-05,0.03115507441106753,0.03133089467458274,0.030871816418663284,0.03110135554662301,1132328.94921104
2019-03-06,0.028896684971761812,0.029848238013470783,0.02874528990130268,0.029296763957386732,1213269.1974290407
2019-03-07,0.028271057311755866,0.028758358191464564,0.02787183386248934,0.02831509602697695,1174967.0633942178
2019-03-08,0.026655640852300936,0.02700287148658318,0.026492664481227297,0.02674776798390524,923031.2256177836
2019-03-09,0.025918020901367043,0.026240363314698215,0.02526159052272342,0.025750976918710818,1164123.712127064
2019-03-10,0.02509009033668004,0.025279917302829587,0.024679620503058965,0.024979768902944278,1253330.0145643728
2019-03-11,0.023606101139462956,0.023672297485990427,0.02336097240043192,0.023516634943211174,889196.9868593696
2019-03-12,0.022669654060049206,0.02309979294428126,0.02251420809494801,0.022807000519614633,565491.5256107303
2019-03-13,0.022206703118206477,0.02227198508678676,0.02152897177973316,0.02190047843325996,1206571.180600167
2019-03-14,0.02140753362593881,0.021547890152489334,0.02080449308607866,0.021176191619283996,898237.8860576332
2019-03-15,0.02020498463578264,0.02024473501580745,0.01966916349521294,0.019956949255510194,1288363.311914334
2019-03-16,0.019432435863103382,0.019700620316164,0.019181978917147437,0.019441299616655718,876647.8780053391
2019-03-17,0.018654829597532622,0.01930135388309576,0.01861185349989875,0.018956603691497254,1117191.0244331209
2019-03-18,0.018032462203951386,0.01859788223998889,0.017886386013855084,0.018242134126921987,901618.9751161234
2019-03-19,0.017523575889725678,0.017592540496305265,0.017351809083526206,0.017472174789915737,1227016.066585964
2019-03-20,0.017057257628583965,0.017340356669887397,0.0168241893955855,0.01708227303273645,1307478.1482478217
2019-03-21,0.016767681722983662,0.016905975810782615,0.01633837544468029,0.016622175627731453,1328833.4548993045
2019-03-22,0.01616080617801426,0.01632914383055057,0.01593590045042706,0.016132522140488815,957267.0485456821
2019-03-23,0.015815444499998516,0.016175988948511286,0.01564229095317617,0.015909139950843726,980573.6000957428
2019-03-24,0.015473561757432629,0.015530077647075119,0.015163227219820214,0.015346652433447665,1172256.5468274527
2019-03-25,0.01503824758575863,0.015103854478432877,0.014858288894281379,0.014981071686357128,777769.7064228537
2019-03-26,0.01490665919727956,0.015059701013713324,0.014554350964523793,0.014807025989118558,1046338.5048705566
2019-03-27,0.014489841372019526,0.014775852983171899,0.014478613597030432,0.014627233290101165,752616.2926451608
2019-03-28,0.014718722816127948,0.01490081508144937,0.014557876179087338,0.014729345630268354,1428731.9029708111
2019-03-29,0.014117004668445359,0.014609790196195988,0.014098303140109415,0.0143540466681527,863563.8399293879
2019-03-30,0.01430624277679259,0.014432851591196899,0.013922243671499199,0.014177547631348049,987554.2821649509
2019-03-31,0.014057745830639474,0.0142998145885624,0.014009217906721274,0.014154516247641837,854100.7066371149
2019-04-01,0.014139737494259199,0.01441196756571259,0.013952241959475557,0.014182104762594074,1101338.5642149062
2019-04-02,0.014303257158746183,0.014382366217271002,0.014206579607794633,0.014294472912532817,944788.7892556539
2019-04-03,0.014227883992520887,0.014275375815703541,0.014114259710724808,0.014194817763214174,1198873.3495849909
2019-04-04,0.014203918209464738,0.014215495839427153,0.014060973691610267,0.014138234765518709,1043024.9797893638
2019-04-05,0.013793565724620439,0.01400136322994453,0.013594276122226853,0.01379781967608569,1304271.8745315156
2019-04-06,0.01385179068351444,0.014205547440087682,0.013676758595647326,0.013941153017867504,1281303.3988733173
2019-04-07,0.013513494615079185,0.013678989210887423,0.01347416022398462,0.013576574717436021,814934.9710653612
2019-04-08,0.013424596812009188,0.013442662135559887,0.013241495474238182,0.013342078804899035,1474751.5714787035
2019-04-09,0.01327925229365576,0.013589891271407997,0.013260262155094692,0.013425076713251344,1336370.9119157037
2019-04-10,0.013451497503980727,0.013780172433424012,0.013349558225137857,0.013564865329280935,832529.068297569
2019-04-11,0.013855551455634349,0.01399143142250332,0.01378449020682539,0.013887960814664355,1182520.9391833853
2019-04-12,0.014131757478896351,0.014436161680646232,0.013877823231418741,0.014156992456032486,1151606.150147596
2019-04-13,0.014483508812400276,0.014787277177060867,0.014310256935977001,0.014548767056518934,1404599.2398552962
2019-04-14,0.01528929978738427,0.015307955400001395,0.015107024115142467,0.01520748975757193,836916.8201679441
2019-04-15,0.015544377883244899,0.015607306315277214,0.015451003772175188,0.0155291550437262,1177856.124829862
2019-04-16,0.015797993039548392,0.016124351110970353,0.015791248757937,0.015957799934453676,685573.0381048069
2019-04-17,0.01602323211628023,0.016113357491849625,0.015940746728429808,0.016027052110139717,1081238.1593026049
2019-04-18,0.016158668153438135,0.01649380675643683,0.016129801201858793,0.01631180397914781,1205426.0145706844
2019-04-19,0.016289535194690702,0.016391385872144365,0.015851162010354226,0.016121273941249296,1277629.152920466
2019-04-20,0.016655285432938184,0.01672564971711298,0.01624247647473569,0.016484063095924335,967122.2087530406
2019-04-21,0.016759032917630805,0.01700735011248951,0.01645407576971186,0.016730712941100685,1135743.2516872576
2019-04-22,0.017584597231600406,0.017642721145556428,0.01728933144353318,0.017466026294544804,1310634.7613724614
2019-04-23,0.017854031889254718,0.018054006972580854,0.017826338745778367,0.01794017285917961,1005903.9932611649
2019-04-24,0.018248621555921322,0.018558886728698744,0.017936381953428747,0.018247634341063745,1340519.040246034
2019-04-25,0.019349692025775196,0.019488635523997634,0.019087396685464077,0.019288016104730854,672660.6804120514
2019-04-26,0.020474967836321075,0.02052457727622793,0.020174949619087876,0.020349763447657904,1148535.3071300588
2019-04-27,0.02101183740785959,0.021256504092586885,0.02082364837493344,0.021040076233760162,954281.9046557869
2019-04-28,0.021599260172671848,0.02163191558712556,0.021043761691342453,0.021337838639234007,1197906.4262128081
2019-04-29,0.021867157989353004,0.02270262508722128,0.021846941725444196,0.022274783406332738,1101803.8604380426
2019-04-30,0.023831692842489247,0.024491839449811422,0.023678207813848197,0.024085023631829808,1093408.126464384
2019-05-01,0.024578003321999872,0.025217472520135165,0.024436008044857772,0.024826740282496467,1013240.5279964809
2019-05-02,0.02720657989345107,0.027209966365132225,0.02674925139710899,0.026979608881120606,994481.9536550379
2019-05-03,0.028627885512989212,0.029116215970453108,0.028092001443567535,0.02860410870701032,1178999.612955198
2019-05-04,0.030152421885001068,0.030395573264329248,0.029546913216968878,0.029971243240649065,1369717.1212210744
2019-05-05,0.032358356883397214,0.03240169042207237,0.03175168753608232,0.032076688979077346,981083.7309838166
2019-05-06,0.03397864117082468,0.034254081495576266,0.03311879446907816,0.03368643798232721,1216079.6536438111
2019-05-07,0.03604365484159928,0.03659150711657764,0.035880628532313885,0.03623606782444576,1176327.7989596983
2019-05-08,0.03896674810304991,0.039430660586782934,0.0386163759996406,0.03902351829321177,1487592.76659167
2019-05-09,0.04131125572442716,0.041785947327150734,0.040650172305795915,0.04121805981647333,768119.7243649854
2019-05-10,0.04469604301833461,0.04483125612622273,0.04435187707784303,0.044591566602032874,975546.9189291733
2019-05-11,0.04848846771351884,0.04860682999285977,0.047039898920932806,0.04782336445689629,1364695.3484344757
2019-05-12,0.05198044297487913,0.05219281634411893,0.051640119763831156,0.05191646805397505,1110884.6411801814
2019-05-13,0.05702299897786124,0.05732750715757641,0.05587167050100598,0.05659958882929119,990538.4326714114
2019-05-14,0.061197395050632125,0.06253342506473698,0.06060689254942867,0.06157015880708283,1113189.6989827543
2019-05-15,0.06541790705800747,0.0669315272486196,0.06459873157789116,0.06576512941325538,1266983.9828123364
2019-05-16,0.07011809309115428,0.07051936872138866,0.06947421318896575,0.0699967909551772,1354881.0831122529
2019-05-17,0.07590816337400656,0.0765835673410579,0.07431324787819016,0.07544840760962403,898157.963494688
2019-05-18,0.08425744906639202,0.08454563302959282,0.08156577298111121,0.08305570300535202,850952.9775808406
2019-05-19,0.08862423863507292,0.0910593214672299,0.08784536819529053,0.08945234483126022,1234447.738751143
2019-05-20,0.09883011201780278,0.09906050515866201,0.09589149964463549,0.09747600240164875,1548073.134446693
2019-05-21,0.10578392131722311,0.10666522021189279,0.10454668972080279,0.10560595496634778,1034586.480175667
2019-05-22,0.11398809562971515,0.11524358783387997,0.1134572739080029,0.11435043087094145,913927.9142852868
2019-05-23,0.12550632809837262,0.12665157996906032,0.12228851831354172,0.12447004914130101,1437990.1879036045
2019-05-24,0.13538131716523236,0.13597177377790345,0.1345237110556947,0.13524774241679907,857669.8730636277
2019-05-25,0.14947458601954763,0.152905749125258,0.14722906277008768,0.15006740594767284,1077899.5419337496
2019-05-26,0.1631507057261083,0.16600776140566595,0.16190271580328827,0.1639552386044771,1212946.3396719578
2019-05-27,0.1806319968842645,0.18076127248265972,0.17839974536053177,0.17958050892159574,929863.2754873459
2019-05-28,0.1970856682844361,0.20378192985443003,0.19580371777378935,0.19979282381410968,989717.3749159313
2019-05-29,0.21465352231229265,0.21843748436139215,0.20994898105744256,0.21419323270941737,1005418.70785254
2019-05-30,0.23269154429669567,0.23904471185500573,0.23155345370227345,0.2352990827786396,1410469.0727238215
2019-05-31,0.25594758913851684,0.26082632370671127,0.2540982655229594,0.25746229461483533,838272.6499825566
2019-06-01,0.2834273323093869,0.2851715934255418,0.2817867805761585,0.2834791870008502,1093809.222150911
2019-06-02,0.3088687110875677,0.3168366022010038,0.30653968761187733,0.3116881449064406,1283934.5051812306
2019-06-03,0.35487218856178393,0.3555093864153049,0.34264800428691783,0.34907869535111136,1413725.0106184424
2019-06-04,0.39247113757119534,0.3947604823343361,0.3825910628079146,0.38867577257112534,1153716.0414983146
2019-06-05,0.43334135697870857,0.439537059309136,0.4293541308662121,0.43444559508767405,1158591.34938219
2019-06-06,0.4802801343753721,0.4832447214441533,0.47597338775240394,0.47960905459827863,1024126.0805196417
2019-06-07,0.5371852583016034,0.5482562851564349,0.5285139824062984,0.5383851337813667,603587.5749697869
2019-06-08,0.5871779849322835,0.598363627830573,0.5828045161456713,0.5905840719881221,758498.9906160815
2019-06-09,0.6431081092131854,0.6519715815869052,0.6358289759665995,0.6439002787767523,1404713.883841728
2019-06-10,0.71764524609338,0.7192901873590342,0.7056437770314041,0.7124669821952191,1158823.9514297112
2019-06-11,0.8285820409597816,0.8300153768716165,0.8174852518343763,0.8237503143529964,899307.809910785
2019-06-12,0.9054707470237464,0.9258357379949759,0.8958124549909917,0.9108240964929838,485810.2314928831
2019-06-13,1.011940642822778,1.0442721515260311,1.0066644342034463,1.0254682928647387,1129365.741178057
2019-06-14,1.1524284614813987,1.1762083632578835,1.1487133839897112,1.1624608736237974,1095874.8434616441
2019-06-15,1.2924577535241542,1.3099406285481534,1.2753498140488368,1.2926452212984951,758984.542774599
2019-06-16,1.4451523854508053,1.4585446213686852,1.4085299877032162,1.4335373045359507,1268869.8839548032
2019-06-17,1.6270332524758697,1.6376251130846642,1.614966783404375,1.6262959482445196,921330.994264837
2019-06-18,1.8078493428043148,1.8562215774597135,1.8009403628597376,1.8285809701597255,1106116.0463795492
2019-06-19,2.0452279065625625,2.0592652799113433,2.0273900817038593,2.0433276808076015,1020142.3887097468
2019-06-20,2.360360161741058,2.375687769817454,2.303918303198538,2.339803036507996,975032.2424237437
2019-06-21,2.759649850799326,2.761344487518101,2.6571399921391423,2.7092422398286216,1067200.4564589085
2019-06-22,3.085829589961943,3.1048936303095758,3.0708444819106058,3.0878690561100908,643066.004320702
2019-06-23,3.6321565466579058,3.638550392622779,3.513253624012472,3.575902008317626,1357449.4367033567
2019-06-24,4.1895873178567635,4.230392352098617,4.071419215050519,4.150905783574568,1247070.8404373436
2019-06-25,4.705036400114682,4.768574456370008,4.704796064378545,4.736685260374276,981081.1817968083
2019-06-26,5.395423239084157,5.594396600523488,5.375996602010293,5.485196601266891,1291168.5699996825
2019-06-27,6.4298504796919955,6.535365397035587,6.361200233001465,6.448282815018526,1157762.605726442
2019-06-28,7.356091946876538,7.423962609102854,7.282986217578696,7.353474413340775,1518030.1262813548
2019-06-29,8.31404836954787,8.407284172776507,8.299301353756999,8.353292763266753,1103136.7796008207
2019-06-30,9.595140871353266,9.62400214340169,9.302393526837065,9.463197835119377,1172217.2627242636
2019-07-01,10.656773501366699,10.849115375113078,10.501748211745008,10.675431793429043,1025013.5249751082
2019-07-02,12.04338321448734,12.081768590429084,11.915166867390443,11.998467728909763,990530.5808795008
2019-07-03,14.217642333492241,14.370363614680276,14.19245645001215,14.281410032346212,1301008.18322237
2019-07-04,16.778683893265164,16.85934552626833,16.4516960678883,16.655520797078314,868344.2646138248
2019-07-05,19.44783526803024,19.726695510251893,19.307239549140803,19.51696752969635,1073449.6090476695
2019-07-06,23.120517021103907,23.433924195547526,22.865936845797286,23.149930520672406,1299525.027190591
2019-07-07,25.95185542293197,26.454744765031155,25.904546979867366,26.17964587244926,679709.6100313871
2019-07-08,31.21605580184655,31.70328815709162,30.7537379288348,31.228513042963208,982535.4828710819
2019-07-09,35.98251854809529,36.557420388289245,35.86286233027671,36.21014135928298,744118.1801268434
2019-07-10,41.52654125998568,41.86104179607515,40.803915269236576,41.33247853265586,1224213.2377826602
2019-07-11,46.12705442167149,46.44983709813326,45.734430557786425,46.09213382795984,811326.919616635
2019-07-12,53.85968186524649,54.84775507919691,53.629150992489905,54.238453035843406,1013560.0492893056
2019-07-13,62.59507000389976,63.1702947597084,62.07565847688286,62.622976618295624,1511902.965765351
2019-07-14,72.92753424337346,74.26711262320589,72.51872318973888,73.39291790647239,1532431.7451719588
2019-07-15,84.28069144468164,85.16089125845843,84.27498638372424,84.71793882109134,1161712.9872619843
2019-07-16,100.84200574783463,100.94359471856559,98.72293510816169,99.83326491336365,930224.8001039082
2019-07-17,114.48051080104267,115.77139350870495,114.23039212365589,115.00089281618042,881016.4029545279
2019-07-18,134.6054050579478,135.4227074996197,130.67973609058004,133.05122179509988,1397663.0680075565
2019-07-19,154.15665674230354,157.0327674677363,152.86031085704872,154.94653916239253,1367912.4804613565
2019-07-20,178.39971108544026,179.96533541322592,177.02986353616697,178.49759947469644,754831.9319957582
2019-07-21,211.1622625794381,211.38853650330628,204.34530601399274,207.8669212586495,1151409.698836142
2019-07-22,240.90653657692093,242.08790519151037,238.68871060524484,240.3883078983776,905871.5603858806
2019-07-23,291.59401788776773,292.11828809642407,287.17144405171564,289.64486607406985,1481658.4066445183
2019-07-24,336.48046758952313,347.7475204391066,334.99714491361385,341.3723326763602,1396232.8760215135
2019-07-25,404.22624682828626,411.431109410126,398.93120909335863,405.1811592517423,1744539.2200793386
2019-07-26,484.8378126286697,486.9452790926601,474.70304740664494,480.82416324965254,990892.9154390392
2019-07-27,568.5935755357706,575.0755132397185,556.0007880159376,565.538150627828,992160.9692229091
2019-07-28,671.4018342703432,672.122483640343,657.7440167389341,664.9332501896386,558370.6000222792
2019-07-29,804.6808969103439,807.1531751515771,789.5526839170013,798.3529295342893,1175211.2091777946
2019-07-30,941.0292658690006,960.1332963084083,927.6332770684973,943.8832866884528,1126264.1681540974
2019-07-31,1110.7564166576692,1125.9864982942956,1094.5806644147094,1110.2835813545025,1277379.9280222857
2019-08-01,1311.387670252565,1340.5475793126866,1310.4647517682629,1325.5061655404747,1248099.4443060567
2019-08-02,1538.1661222826287,1573.1604121697783,1527.846854889608,1550.5036335296932,1293624.7898063087
2019-08-03,1849.078567945253,1872.787999378892,1817.5445706157327,1845.1662849973125,828051.6055571048
2019-08-04,2218.839757901427,2236.6485523153037,2160.432112456591,2198.5403323859473,763653.5794630253
2019-08-05,2591.40431690669,2634.0309988795,2586.680185574894,2610.355592227197,732533.9205653162
2019-08-06,3026.3891294207397,3046.5945218642255,2979.928141769492,3013.2613318168587,823799.0722334823
2019-08-07,3507.2669791013664,3530.5230345041596,3459.2463276484077,3494.884681076284,1220087.1171281585
2019-08-08,4151.6459533652815,4172.648178245108,4034.829379713837,4103.738778979473,1460667.807505629
2019-08-09,4800.337517176156,4902.43966332081,4790.575018961733,4846.507341141271,1145640.392546242
2019-08-10,5738.2808481257925,5812.819017519052,5690.221857835225,5751.520437677139,847044.9788028842
2019-08-11,6836.7534374816705,6953.853998936711,6794.091874525955,6873.972936731333,1111533.8795311411
2019-08-12,8018.068828783244,8020.676982274758,7824.05075005321,7922.363866163984,1187389.6702220635
2019-08-13,9290.53103608696,9488.947123457483,9118.82538161287,9303.886252535178,1154154.4685620312
2019-08-14,11037.71391596395,11046.676206979055,10767.513005409628,10907.094606194341,1147359.4765778102
2019-08-15,12712.113388432761,12944.400490576048,12523.974112036543,12734.187301306296,1115964.2881176607
2019-08-16,14702.028011098284,14883.090659542702,14634.267998968959,14758.67932925583,1122606.718206227
2019-08-17,17507.885277281326,17772.815938785996,17217.304200531038,17495.060069658517,916221.8862970838
2019-08-18,20798.327857135104,21241.459540652297,20531.876735775255,20886.668138213776,1047013.6215757628
2019-08-19,24721.172512516372,24721.25004932533,23975.41031364524,24348.330181485282,1388016.1943197078
2019-08-20,28415.895111545768,28641.880585836556,27709.697260535457,28175.788923186006,719376.516450761
2019-08-21,32154.843716451283,32345.124000147334,31967.61348496125,32156.368742554292,1009761.6699149063
2019-08-22,38200.54587411457,38419.16091905848,37473.97122055747,37946.566069807974,1201319.2326885124
2019-08-23,44742.64725908936,45089.26152183311,43359.602900233236,44224.43221103318,1302486.6243597728
2019-08-24,52194.13185143938,52759.452044078775,52169.42302953078,52464.43753680478,1066655.838199978
2019-08-25,63481.05687954289,64222.987513310036,62048.74601210299,63135.866762706515,1162631.7913552024
2019-08-26,74989.05543637025,75649.95022691257,73450.86320128296,74550.40671409777,904466.8999431166
2019-08-27,85489.36055080085,86776.3760536862,83543.42889327757,85159.90247348188,1077067.35356581
2019-08-28,102686.55441459251,103185.40816099789,99326.23208645587,101255.82012372688,1296072.2570411542
2019-08-29,119748.4380174203,119967.65491426471,116321.56509037159,118144.61000231815,1288279.4225857425
2019-08-30,135682.40684676918,137045.69733983473,133909.78487498677,135477.74110741075,1448721.9353520686
2019-08-31,157953.0425055766,159976.5114978352,157661.7864671172,158819.14898247618,1010103.6733679372
2019-09-01,185145.24359210973,186397.43570433435,180903.87643248588,183650.6560684101,1127232.1133149539
2019-09-02,210926.58673347166,213914.39750151266,210608.97945861574,212261.6884800642,967235.5410745817
2019-09-03,239080.88813297084,239884.97272322746,234120.14819585593,237002.5604595417,1402857.6460980962
2019-09-04,276964.7800285957,282273.1221250727,275100.82561323926,278686.973869156,1060240.2649503872
2019-09-05,317488.9220263043,322361.86367350013,309894.5575835514,316128.21062852576,779456.5472193629
2019-09-06,366611.64082696923,370570.6045322802,363057.6011022493,366814.10281726473,731322.8183632235
2019-09-07,417076.9336033289,426774.2905958996,415881.59707274946,421327.94383432454,1422971.2292827016
2019-09-08,490360.53743731324,501343.0273304394,486685.3119299254,494014.1696301824,1375615.7130832567
2019-09-09,548418.4597300452,552082.3152890905,540102.232570601,546092.2739298458,1516922.9966125628
2019-09-10,626183.9280853207,626185.6582606063,618347.131717401,622266.3949890037,1220696.0695758306
2019-09-11,728564.339355516,728603.824870735,720235.3634281706,724419.5941494529,868095.5200970323
2019-09-12,833831.2816163644,836919.957758158,816685.7212156102,826802.8394868841,771841.4612544726
2019-09-13,938670.4225270752,942716.9714544978,933102.4727367783,937909.722095638,867699.0525956406
2019-09-14,1099055.0242639903,1106466.3807889286,1076703.8717966832,1091585.126292806,904711.2452751828
2019-09-15,1242411.5303903823,1243438.6275770415,1210797.5596202302,1227118.0935986359,1566207.3746608768
2019-09-16,1382256.6626325124,1398893.5463072392,1369624.5113481418,1384259.0288276905,893943.3876086882
2019-09-17,1552639.9659381702,1597446.8009568183,1539088.994517834,1568267.897737326,979954.2708553113
2019-09-18,1759216.2863148423,1822360.7898144738,1752896.937811179,1787628.8638128263,1102128.9173276213
2019-09-19,2020626.135821602,2053111.8718048956,2013258.3421491184,2033185.106977007,1114896.9865422493
2019-09-20,2351087.0098589263,2378540.1179046603,2349798.0712731127,2364169.0945888865,848796.895662411
2019-09-21,2724869.905731602,2735606.7371115917,2701002.089052977,2718304.4130822844,587299.3378007197
2019-09-22,3064471.5417490033,3109961.112833107,3051937.9929091223,3080949.5528711146,1401166.5664357601
2019-09-23,3517639.1796205463,3526280.247126918,3400110.1291232123,3463195.188125065,771015.037032803
2019-09-24,3866982.053489879,3925693.098756013,3829088.761587309,3877390.930171661,1071755.9281618267
2019-09-25,4312510.607140979,4387369.94434233,4271590.0591181,4329480.001730216,970194.7045583011
2019-09-26,4857280.606647069,4888982.148027101,4835817.899826077,4862400.023926589,1109146.8739782532
2019-09-27,5498646.667753542,5520508.3921256475,5399781.966275034,5460145.17920034,1360607.4442433966
2019-09-28,6155197.743810084,6231220.980151702,6134189.260599969,6182705.120375835,1059024.5453505793
2019-09-29,7165165.594719393,7299261.36618499,7053349.288985208,7176305.327585099,1247696.4644823237
2019-09-30,8075465.890311353,8086207.888125717,7888335.218585029,7987271.553355373,911320.9639192502
2019-10-01,8901208.256615307,9028844.983951751,8725223.831335206,8877034.407643478,1393558.1472061726
2019-10-02,9744593.144603694,10068979.86516992,9679086.256765231,9874033.060967576,705646.3951352375
2019-10-03,11117196.325256517,11171430.573326271,11059225.907857776,11115328.240592023,1155683.4733441032
2019-10-04,12130083.159015186,12211619.094761938,12029475.329330299,12120547.212046118,713241.7618419862
2019-10-05,13211433.105576158,13323262.866751721,13021534.183201756,13172398.52497674,1152222.4604823922
2019-10-06,15027554.974156853,15136676.32158106,14692373.535050152,14914524.928315606,805975.0924352516
2019-10-07,16394733.77443029,16602633.618851462,16379078.234672429,16490855.926761946,988468.7050663835
2019-10-08,18674810.346284,18712261.596644472,18416990.076299883,18564625.83647218,1120597.1207047794
2019-10-09,20860215.216169417,21080908.97751122,20425005.736933053,20752957.357222136,917207.1231177459
2019-10-10,22685743.15910322,22726408.395104263,22486444.23882894,22606426.3169666,753231.52894382
2019-10-11,24724410.441352334,25426255.115693532,24608036.44763428,25017145.781663906,997144.2830655422
2019-10-12,27697240.848647833,27987604.97045418,27673004.409792535,27830304.690123357,1257865.9407630097
2019-10-13,30320015.561071508,30640547.257270277,29991331.84857341,30315939.552921843,763406.7182570981
2019-10-14,33214510.718996063,33403847.590970084,33032905.38806774,33218376.489518914,1201171.6466767967
2019-10-15,36634189.57235172,36697511.12925604,36280341.22273283,36488926.17599443,1001227.9891092512
2019-10-16,40656319.447834514,40710851.00561333,39927545.46005121,40319198.23283227,759995.018229817
2019-10-17,44351181.38435694,44537111.60076216,43802821.56832184,44169966.584542,1011537.1646718284
2019-10-18,47740660.586499475,48640008.17164251,47642793.04529257,48141400.60846754,817486.1853318055
2019-10-19,52305256.35681863,52621010.08170276,52031900.746551335,52326455.414127044,628879.4585709951
2019-10-20,56523194.78871261,57581033.734621204,56293645.470014274,56937339.60231774,965032.3444922158
2019-10-21,62403890.15322201,63241069.33731788,60925405.530645944,62083237.43398191,770074.7295315852
2019-10-22,65804738.96734109,67033521.18993061,65734685.95557387,66384103.57275224,1077098.5941711296
2019-10-23,71318317.44637558,71671409.0996548,70311097.11763212,70991253.10864346,908006.6873757401
2019-10-24,76229337.88309614,76430019.06220262,75279339.7841364,75854679.42316951,875843.7481700148
2019-10-25,79813718.31276013,81732025.59388958,78741747.65284486,80236886.62336722,792185.1329731597
2019-10-26,86263446.27475345,87390246.38506563,84128737.30673839,85759491.84590201,1123418.9936395905
2019-10-27,93171844.51695274,95211781.89209296,92833966.85896157,94022874.37552726,948175.9406351048
2019-10-28,100794879.965289,101525888.56650388,97553940.19457877,99539914.38054132,1257089.139758736
2019-10-29,106700900.44945908,108933749.96628073,105854662.38124743,107394206.17376408,1386257.8765342266
2019-10-30,111386762.421946,111654459.6795675,109570104.72641651,110612282.202992,1205459.8067526997
2019-10-31,117610329.41963267,118325108.2542381,116066397.55159721,117195752.90291765,1085478.9493540996
2019-11-01,123120194.2151153,123196093.5392555,120634376.21516104,121915234.87720828,1411211.859722402
2019-11-02,133952412.28988628,134931621.73999512,132524102.33849967,133727862.0392474,1275744.5799660955
2019-11-03,137797902.57620713,141418475.40925032,137792759.95606643,139605617.68265837,1335856.1909006145
2019-11-04,148706840.12459755,151375654.17036724,147430446.47973007,149403050.32504866,1488059.3125767093
2019-11-05,154574797.4387868,156753608.9894045,154151051.40825033,155452330.19882742,1357735.3012080204
2019-11-06,153713614.11289176,157582687.74781018,153201931.6551438,155392309.701477,1057254.241718489
2019-11-07,161360630.13194028,165392265.84509507,159782017.7061841,162587141.7756396,624681.7234402609
2019-11-08,165469652.0430198,169905270.2545473,163682548.6591076,166793909.45682743,840781.5687527308
2019-11-09,168297260.8383585,172135995.21996748,166456289.99817523,169296142.60907137,1091157.4955457312
2019-11-10,172934101.67472097,173140973.05639815,167166320.7512493,170153646.90382373,1103889.5871873978
2019-11-11,172526528.3481062,175818593.0310774,171222436.70255584,173520514.86681664,1166102.165708739
2019-11-12,180693181.19569457,181647138.564256,175667731.39768696,178657434.9809715,1342824.829728327
2019-11-13,183717744.1033945,189773207.98041207,183457587.4273803,186615397.7038962,1104792.3042835137
2019-11-14,195437839.0704522,197287174.21115544,194204612.43646955,195745893.32381248,1034862.5470913853
2019-11-15,201007107.2584393,203321632.50536183,198284856.05167007,200803244.27851593,719355.5643620237
2019-11-16,207716689.50996825,210891565.00775605,203093259.60674194,206992412.307249,1139039.4690097072
2019-11-17,202120947.16060093,208700471.3493032,201926447.06105804,205313459.20518062,1222539.065459104
2019-11-18,201917641.28656352,206078036.93706772,198307909.1108042,202192973.02393597,1199969.4146912862
2019-11-19,204752665.7608517,206748903.1557082,201153993.17702004,203951448.16636413,1389851.7559533569
2019-11-20,203708523.7944037,206696207.14336404,200871800.48608813,203784003.81472608,1151045.840938299
2019-11-21,205044074.9046988,206536512.95711622,202543643.5375158,204540078.247316,838453.191217484
2019-11-22,198759636.686297,202996076.23311067,198567999.99333465,200782038.11322266,1287226.2864822638
2019-11-23,199153735.61849064,202105855.7812588,198892017.6311589,200498936.70620883,897856.8533425777
2019-11-24,197036594.243699,199613480.34267068,193513127.90652972,196563304.1246002,1321410.439723918
2019-11-25,193007808.3645466,193429209.22764128,190684939.427612,192057074.32762665,928295.0493774166
2019-11-26,186820586.83750865,187056703.67970744,184884665.90593228,185970684.79281986,862848.2481919137
2019-11-27,178488270.25802445,182471723.6004743,176274483.58600587,179373103.59324008,1255056.1270528005
2019-11-28,171455351.6279751,173380920.51999304,171003698.60753164,172192309.56376234,1135574.6937356726
2019-11-29,168811754.0248221,169516154.96116197,163458622.3618256,166487388.66149378,966086.3740584132
2019-11-30,163754732.72265324,164318973.34999073,157906017.94059455,161112495.64529264,1357858.6187638696
2019-12-01,155096947.24256432,158274453.22288945,153130135.3667982,155702294.29484382,1086847.3078986274
2019-12-02,151571923.58619726,152253574.09202963,149546477.1734978,150900025.6327637,765983.9304620166
2019-12-03,148661392.10309118,149952902.86419806,146702150.3385439,148327526.601371,1223830.8597357918
2019-12-04,138854270.00673753,142726068.82279593,137319140.3908316,140022604.60681376,1050292.4603827607
2019-12-05,132442873.03883256,134059119.64894354,131091811.74591377,132575465.69742866,977273.986464427
2019-12-06,128429317.81990264,130223653.26798072,127536870.8282584,128880262.04811956,1253608.7148151188
2019-12-07,127226478.08771096,128144652.85604073,125007172.06285742,126575912.45944907,731285.6617063588
2019-12-08,122530098.8008629,123644199.62560391,118934050.47996214,121289125.05278303,1056632.233067937
2019-12-09,112226730.08010763,113067170.60158968,111160819.60837986,112113995.10498476,1084529.474157882
2019-12-10,105879808.44583797,109634809.16658399,105525493.44659087,107580151.30658743,1243440.3886418426
2019-12-11,102406106.86533833,105120677.42913574,101806033.33976182,103463355.38444878,1059748.8852788322
2019-12-12,94970798.74737035,97145171.5825283,94772356.57954353,95958764.08103591,1032838.0545485722
2019-12-13,90950626.67442083,92375271.89539617,89322418.42323767,90848845.15931691,1002325.5317566924
2019-12-14,84223672.46687986,85195240.15232913,83568028.83137698,84381634.49185306,1310278.329005564
2019-12-15,79807249.66319823,80298683.4440146,78368715.78024271,79333699.61212866,851254.7606058392
2019-12-16,71855694.75002475,74246324.77087775,71495614.22202885,72870969.4964533,1223456.8115812473
2019-12-17,65789089.449286416,67009503.06258982,65172046.172511734,66090774.617550775,865982.9058895955
2019-12-18,62405151.144000284,62605542.22824089,61368836.48160808,61987189.354924485,966466.195486273
2019-12-19,57727160.40471854,58754229.1924945,57232717.81664773,57993473.50457112,1251520.863227324
2019-12-20,54023341.42932581,55367586.56953714,53864750.86443379,54616168.716985464,1376895.830072658
2019-12-21,50494918.50368396,51050906.90247414,50469643.537367746,50760275.21992094,902925.8281744568
2019-12-22,46637706.4080576,47701087.76184101,46632667.19227407,47166877.47705754,1056278.384990145
2019-12-23,43338072.51705812,43404333.59162962,42822258.88570332,43113296.23866647,942889.2028967689
2019-12-24,38721540.51096299,39399526.78257796,38417924.7711242,38908725.77685108,1485845.1108224227
2019-12-25,34876309.86378799,35876629.53903028,34694769.407107666,35285699.473068975,1037222.977207277
2019-12-26,32041001.114561487,32495790.76872742,31495127.37012343,31995459.069425426,1138362.562256651
2019-12-27,28532931.788357105,28950297.723504093,28224038.801397674,28587168.26245088,1073262.9171131444
2019-12-28,25791085.331977263,26768928.36809837,25744343.787297875,26256636.077698123,1321217.0501139697
2019-12-29,24064657.9114748,24715647.9434212,23812547.004209634,24264097.473815415,1189951.2997981913
2019-12-30,21727953.537119303,21768458.1570916,21300942.79877412,21534700.47793286,1186572.3507855965
2019-12-31,19706019.07987966,19802537.2664394,19125862.865876,19464200.066157702,1427522.2480785784
2020-01-01,17007576.85263885,17241555.169401754,16936105.085252147,17088830.12732695,947746.1601937468
